CBSAFP,GDP pc,Diversity,Log_GDPpc
10100,52865.8135,64,4.72317492
10140,30368.59758,68,4.482424737
10180,35943.28197,62,4.55561773
10220,42392.65955,59,4.627290663
10300,27225.58953,60,4.434977293
10420,45819.61381,85,4.661051424
10460,37645.9839,59,4.575718652
10500,34259.54659,70,4.534781611
10540,34201.05639,70,4.534039521
10580,60734.72817,84,4.783437092
10620,26787.00949,62,4.427924232
10660,37279.19582,57,4.571466535
10700,31816.00664,49,4.502645669
10740,41762.78158,64,4.620789417
10780,35487.30556,66,4.550073026
10820,50285.07615,66,4.701439112
10860,32491.21487,30,4.51176595
10900,48330.59117,88,4.684222107
10940,28616.92357,53,4.456622944
10980,33857.55145,60,4.529655547
11020,42813.92643,76,4.631585058
11060,36047.04175,45,4.55686963
11100,46883.82584,82,4.671023044
11140,29597.18976,60,4.471250477
11180,48695.35728,57,4.687487557
11220,35291.49913,57,4.547670107
11260,59496.4457,74,4.774491022
11380,278525.5134,33,5.444864983
11420,36132.37519,62,4.557896511
11460,57547.17135,64,4.760023981
11500,33425.25818,63,4.52407477
11540,52898.51929,68,4.723443516
11580,25003.64359,44,4.3980033
11620,54954.99062,58,4.740007138
11660,30820.96012,41,4.488846164
11680,35473.92182,44,4.549909205
11700,37915.06073,84,4.578811756
11740,28479.72405,60,4.454535777
11780,28285.99804,60,4.451571507
11820,40971.21243,58,4.612478816
11860,36229.66536,44,4.559064323
11900,28028.0112,53,4.447592282
11940,35688.00881,47,4.552522317
11980,19559.13307,59,4.291349601
12020,41320.70574,71,4.61616773
12060,59286.11448,93,4.772952988
12100,46088.31564,47,4.663590837
12140,56261.60624,48,4.750212127
12180,33659.17164,73,4.527103424
12220,33034.82684,64,4.518972035
12260,40144.74674,76,4.603628722
12300,40182.65069,64,4.604038582
12380,45056.52888,40,4.653757731
12420,61199.62255,87,4.786748744
12460,26217.30005,55,4.418587964
12540,52126.48253,80,4.71705842
12580,63803.22616,84,4.804842639
12620,37598.70954,71,4.575172939
12660,51938.04517,51,4.7154856
12680,31856.38333,40,4.503196469
12700,54045.30764,73,4.732757993
12740,56442.2083,61,4.751603997
12780,159630.3,36,5.20311533
12820,24819.07298,52,4.394785556
12860,38950.00345,66,4.5905075
12900,44143.53062,49,4.644867065
12940,65690.07422,67,4.817499753
12980,43262.83468,56,4.636114972
13020,32227.62663,78,4.508228324
13060,55644.18598,51,4.745419793
13100,37549.34789,58,4.574602399
13140,59757.67003,75,4.776393656
13180,36849.58507,59,4.566432602
13220,29731.849,56,4.473221918
13260,27925.52678,56,4.446001374
13300,24983.63952,58,4.397655705
13340,40837.78935,39,4.611062225
13380,49217.57527,99,4.692120214
13420,34545.22951,66,4.538388082
13460,43100.65867,81,4.634483907
13500,26263.18321,37,4.419347363
13540,42178.36395,71,4.62508973
13620,34487.78442,57,4.537665295
13660,27623.82452,57,4.441283806
13700,204112.4391,54,5.309869472
13720,31426.5264,46,4.497296381
13740,52542.79422,84,4.720513165
13780,40875.32093,81,4.611461176
13820,48486.31604,81,4.685619188
13900,54491.80378,77,4.736331184
13940,25172.82016,52,4.400931873
13980,27008.95102,55,4.431507717
14010,75994.7282,45,4.880783466
14020,37636.61484,55,4.575610555
14100,48147.7515,48,4.68257601
14140,26373.58065,68,4.421169096
14180,50120.10359,47,4.70001196
14220,22512.99177,47,4.352433213
14260,40654.69367,85,4.609110693
14340,35204.66066,54,4.546600162
14380,34378.45171,54,4.536286314
14420,477273.7697,40,5.678767567
14460,80396.53502,85,4.905237332
14500,73802.99974,78,4.868074014
14540,36291.75714,74,4.559807996
14580,45920.42781,87,4.662005925
14620,48662.02249,56,4.687190155
14660,37699.9903,68,4.576341238
14700,32451.70949,54,4.511237579
14720,69971.15102,35,4.844919018
14740,40679.05125,76,4.609370815
14780,42976.44719,60,4.63323051
14820,30144.97652,62,4.47921495
14860,84729.7883,79,4.928036121
15020,29419.65974,55,4.468637645
15060,24116.17836,48,4.382308487
15100,61790.78293,50,4.790923698
15180,23020.1761,59,4.362108642
15220,33163.33824,48,4.52065824
15260,33226.97594,58,4.521490817
15340,30043.02071,55,4.477743597
15380,52590.76801,95,4.720909513
15420,51728.6667,54,4.713731285
15460,49549.56231,49,4.695039823
15500,34776.11968,72,4.541281122
15540,56912.04916,95,4.755204223
15580,38482.57018,56,4.58526407
15620,30386.665,54,4.482683038
15660,33410.43585,45,4.523882141
15680,59003.92364,43,4.770880892
15700,37168.65006,47,4.570176788
15740,49953.23292,58,4.698563601
15780,31260.90236,42,4.49500151
15820,29817.5059,40,4.474471314
15860,26649.83952,62,4.425694598
15900,23917.03758,54,4.378707386
15940,42936.99135,93,4.63283161
15980,38182.28613,71,4.581861928
16020,41218.90691,67,4.61509647
16060,38918.27959,61,4.590153634
16100,111943.904,48,5.049000449
16180,53684.62714,71,4.729849941
16220,64837.13669,74,4.811823827
16260,26866.84755,64,4.429216711
16300,62848.75036,54,4.798296647
16340,25798.2878,38,4.411590883
16380,55691.69447,49,4.745790432
16460,30943.1642,58,4.490564722
16500,34948.8326,72,4.543432674
16540,35047.16834,68,4.544652935
16580,46840.8458,71,4.670624728
16620,49937.49455,72,4.698426749
16660,46135.0791,61,4.66403127
16700,47930.94989,84,4.680616036
16740,57147.86295,90,4.756999995
16820,27521.89026,76,4.439678259
16860,46497.07999,87,4.66742568
16940,51319.2607,71,4.710280391
16980,62976.16526,101,4.799176212
17020,35739.15446,68,4.553144273
17060,31384.41629,54,4.496714056
17140,58193.52647,84,4.764874676
17200,48295.24996,64,4.683904418
17220,61449.84615,64,4.7885208
17260,27722.81789,53,4.442837372
17300,36105.02031,63,4.557567594
17340,27280.90187,54,4.435858723
17380,29976.51615,56,4.476781158
17420,35224.87959,53,4.546849517
17460,55086.68751,83,4.741046658
17500,31413.67185,53,4.497118703
17540,45049.91012,50,4.653693929
17580,54833.49227,58,4.739045906
17660,34549.44166,83,4.538441033
17700,42648.6758,50,4.629905551
17740,28274.21693,55,4.451390586
17780,50761.44702,81,4.705533994
17820,43243.40004,78,4.635919833
17860,46056.52994,61,4.663291214
17900,45130.93106,82,4.654474293
17980,40999.68711,66,4.612780542
18020,68609.59295,35,4.836384843
18060,43739.92477,69,4.640878032
18100,69513.91499,53,4.842071748
18140,54455.71556,73,4.736043469
18180,58731.50369,78,4.76887112
18220,22617.26749,46,4.354440134
18260,32112.28961,67,4.506671272
18300,30768.00871,59,4.48809939
18380,30548.42234,49,4.484988786
18420,29147.80229,54,4.464605815
18460,30029.34384,52,4.477545843
18500,41495.10699,58,4.617996889
18580,45027.51522,61,4.653477982
18620,30168.50195,57,4.479553745
18660,35716.37122,58,4.552867328
18700,43006.48507,61,4.633533949
18740,39483.09732,48,4.596411214
18780,80206.30939,61,4.904208533
18820,41241.37029,53,4.615333087
18860,25763.01295,42,4.410996652
18880,47159.82357,61,4.673572172
18900,24889.05954,48,4.396008487
18980,30966.10622,63,4.490886599
19000,29871.82554,36,4.475261764
19060,35229.17337,65,4.546902453
19100,60380.77092,92,4.780898654
19140,45103.00343,41,4.654205463
19180,37913.28994,59,4.578791472
19220,27143.41962,36,4.433664561
19300,30157.96946,64,4.479402097
19340,50518.2189,66,4.70344803
19380,46410.16376,75,4.666613101
19420,49883.33846,39,4.697955511
19460,35666.8571,64,4.552264842
19500,64598.55654,59,4.810222814
19540,42376.61858,53,4.627126299
19580,45981.81437,47,4.662586104
19620,32232.16294,51,4.50828945
19660,28201.96228,70,4.450279327
19700,31233.08579,50,4.494614894
19740,62905.64561,94,4.798689624
19760,25037.05304,49,4.398583209
19780,71566.01309,58,4.854706824
19820,52955.63579,69,4.723912187
19860,76793.38656,63,4.88532382
19940,39899.64927,58,4.600969078
19980,53050.36869,40,4.724688407
20020,38025.14299,66,4.580070856
20060,29967.24443,51,4.47664681
20100,39102.92603,61,4.592209256
20140,28565.47765,52,4.45584149
20180,31027.58449,74,4.491747967
20220,56925.61377,72,4.755307722
20260,43780.36439,77,4.641279372
20300,88782.09631,25,4.948325395
20340,33701.82091,45,4.527653366
20380,16913.66895,60,4.228237826
20420,65581.79917,67,4.816783327
20460,28855.33834,52,4.460226171
20500,72564.20674,55,4.860722452
20540,38801.31957,51,4.588846495
20580,24360.51191,39,4.38668641
20660,52005.5152,71,4.716049403
20700,38983.16539,55,4.5908771
20740,48570.58463,85,4.686373331
20780,62057.45905,40,4.792793989
20820,52857.74046,45,4.723108594
20900,38397.94325,57,4.584307962
20940,45421.12841,61,4.657257919
20980,59628.70741,55,4.775455395
21020,26009.1257,66,4.415125754
21060,35299.84171,65,4.547772758
21120,48170.20519,42,4.682778496
21140,65517.1098,55,4.816354731
21180,26882.36104,48,4.42946741
21220,70980.1538,32,4.851136936
21260,32128.55616,59,4.506891209
21300,41098.13051,77,4.613822067
21340,32387.71737,76,4.510380341
21380,34023.94581,57,4.531784678
21420,73503.0119,72,4.866305135
21460,25333.45684,48,4.403694455
21500,39065.86201,71,4.591797412
21540,30371.37256,72,4.482464419
21580,32111.28107,47,4.506657632
21660,37162.59978,91,4.570106088
21700,35688.96591,79,4.552533964
21740,46338.46748,45,4.665941667
21780,48522.58592,74,4.685943938
21820,53321.62931,68,4.726903411
21840,34148.11117,52,4.533366687
21900,37272.0795,64,4.571383624
21980,39378.76195,56,4.595262058
22020,54890.15872,76,4.739494487
22060,36233.2149,44,4.55910687
22100,22864.44762,53,4.359160714
22140,47616.26735,59,4.677755348
22180,44277.96147,68,4.646187618
22220,43622.56887,51,4.639711237
22260,38059.40526,59,4.580461997
22280,25543.11162,57,4.407273801
22300,70340.21285,41,4.847203678
22340,26720.73898,40,4.426848465
22380,46428.18027,53,4.666781662
22420,34819.93331,62,4.541827935
22500,42300.16264,63,4.626342037
22520,31984.83034,60,4.504944051
22540,45169.33329,74,4.65484368
22580,23697.86483,68,4.374709218
22620,24453.81282,46,4.388346584
22660,46730.23683,75,4.669597982
22700,55573.13992,48,4.744864935
22780,37837.34825,47,4.577920692
22800,40549.01399,61,4.607980298
22820,50858.82603,46,4.706366331
22860,36266.34537,49,4.559503793
22900,32882.82239,80,4.516969087
23060,48399.5516,86,4.684841338
23140,41849.67036,47,4.621692042
23180,45263.92986,60,4.655752257
23240,33726.78742,69,4.527974975
23300,39823.47513,51,4.600139155
23340,47094.627,53,4.672971362
23380,46135.52292,53,4.664035447
23420,39590.1554,91,4.597587206
23460,27251.96491,54,4.435397821
23500,27862.41847,46,4.445018811
23540,41836.73962,64,4.621557832
23580,44135.42431,63,4.644787306
23620,78294.9611,57,4.893733813
23660,33567.68962,59,4.525921451
23700,30455.31216,50,4.483663055
23780,60635.83233,59,4.782729343
23820,47405.64794,52,4.675830087
23860,34857.43966,66,4.542295484
23900,34719.25024,64,4.540570338
23940,125622.638,44,5.099067909
23980,27726.77931,46,4.442899426
24020,43706.91088,71,4.640550112
24060,83744.67781,54,4.922957216
24100,32731.39086,56,4.51496446
24140,35347.09893,64,4.548353775
24220,47238.9652,72,4.674300376
24260,52915.3,63,4.723581263
24300,36432.09992,74,4.561484204
24340,50026.59004,74,4.699200901
24420,26212.98146,74,4.41851642
24460,45902.61671,56,4.661837443
24500,39809.17274,70,4.599983153
24540,66467.07387,76,4.82260656
24580,57653.44015,68,4.760825227
24620,31312.7497,59,4.495721206
24640,38579.31434,72,4.586354505
24660,48822.87763,92,4.688623373
24700,47316.91069,49,4.675016382
24740,29737.47194,66,4.473304045
24780,47507.76407,61,4.676764591
24820,36365.65156,50,4.560691373
24860,43647.69551,78,4.639961319
24900,28522.75228,48,4.45519143
24940,32307.0217,53,4.509296923
24980,38962.07303,43,4.590642056
25060,41499.53724,44,4.618043254
25100,94939.41248,28,4.97744654
25180,36537.60975,77,4.562740133
25200,55138.30797,64,4.741453435
25220,26843.75836,65,4.428843321
25260,38105.28643,51,4.58098523
25300,35362.61903,51,4.548544422
25420,61667.08343,68,4.790053409
25460,27324.2549,61,4.436548328
25540,74394.26491,80,4.871539457
25580,56549.09687,58,4.752425673
25620,33996.51313,71,4.531434376
25700,51118.66925,63,4.708579539
25720,25266.48704,57,4.402544863
25740,41655.30943,67,4.619670365
25760,22565.25393,52,4.353440225
25780,26994.70353,54,4.431278562
25820,102810.1259,43,5.012035891
25840,49640.71135,51,4.695837996
25860,36595.38242,69,4.56342629
25880,31599.53264,55,4.499680659
25900,36531.31436,60,4.562665298
25940,36547.3411,54,4.562855787
25980,42548.8734,46,4.628888065
26020,73629.68339,46,4.867052933
26090,34040.47193,68,4.531995572
26140,24240.68453,54,4.38454488
26220,44830.18623,58,4.651570543
26300,29779.92192,67,4.473923555
26340,26704.62633,58,4.426586505
26380,42529.92002,54,4.628694566
26420,66075.7357,79,4.820042007
26460,38136.90564,74,4.581345452
26500,28182.15851,59,4.449974253
26540,36616.94159,52,4.563682067
26580,38932.65225,76,4.590313991
26620,54346.48051,57,4.735171424
26660,24636.84479,64,4.391585088
26700,49665.96893,49,4.696058913
26740,33722.44188,71,4.527919015
26780,48896.93952,55,4.689281677
26820,42655.60247,74,4.62997608
26860,45668.53583,71,4.659617088
26900,59584.16146,90,4.775130832
26940,24234.9259,44,4.384441696
26960,22219.99533,55,4.346743963
26980,53880.57101,57,4.73143219
27020,43311.45948,55,4.636602819
27060,53298.90724,35,4.726718305
27100,33967.31188,60,4.531061179
27140,42694.56153,73,4.630372558
27160,28655.21265,49,4.457203636
27180,46173.00261,69,4.664388117
27220,69176.97624,53,4.839961575
27260,46699.6167,90,4.669313316
27300,37930.06271,59,4.578983561
27340,37039.64305,69,4.568666793
27380,26985.27087,52,4.431126782
27420,54831.18728,54,4.73902765
27460,34501.87921,77,4.53784275
27500,39171.61307,78,4.592971456
27540,59754.8966,46,4.776373499
27600,39288.51915,50,4.59426566
27620,46429.16292,63,4.666790854
27700,22866.2361,48,4.359194683
27740,31755.31102,54,4.501816371
27780,32411.01125,72,4.510692582
27860,34048.98794,71,4.532104208
27900,38901.4505,75,4.589965795
27920,75588.28847,47,4.878454512
27940,70341.35445,67,4.847210727
28020,43390.78034,75,4.637397461
28060,38470.63871,66,4.585129397
28100,44716.745,70,4.650470183
28140,56089.14304,85,4.748878805
28180,47937.64495,46,4.680676694
28260,52703.83394,69,4.721842209
28300,44145.60338,61,4.644887457
28340,37127.2137,54,4.569692358
28380,21297.95572,40,4.32833792
28420,47884.37285,71,4.680193804
28500,32343.70748,60,4.509789801
28540,59516.13372,55,4.774634711
28580,55512.75855,48,4.744392809
28620,52128.60077,46,4.717076068
28660,37170.59595,66,4.570199524
28700,37162.71204,68,4.5701074
28740,35412.92971,82,4.549161857
28780,41922.73759,48,4.622449635
28820,47203.82788,46,4.673977218
28860,25736.72381,48,4.410553262
28900,31523.54157,59,4.498635003
28940,43687.77025,75,4.64035988
29020,47040.7549,44,4.672474283
29060,42635.4033,71,4.629770375
29100,51116.41669,71,4.708560402
29180,40468.76775,75,4.607119981
29200,42410.85806,62,4.627477059
29260,32624.95207,55,4.513549882
29300,44409.31562,39,4.64747408
29340,68905.84009,75,4.838256032
29380,28065.80087,44,4.44817744
29420,24111.67126,81,4.382227314
29460,33276.63668,75,4.522139425
29500,58035.69231,42,4.76369517
29540,47448.81043,97,4.676225329
29620,44171.40687,74,4.645141232
29660,36406.95044,65,4.561184303
29700,46716.00754,42,4.66946572
29740,30558.74297,60,4.485135486
29780,21436.087,38,4.331145511
29820,46485.9427,50,4.667321643
29860,36146.02134,51,4.558060501
29900,32125.07433,37,4.506844141
29940,36319.1965,67,4.560136232
29980,21881.65804,49,4.340080227
30020,37637.90615,55,4.575625455
30060,29084.06132,50,4.463655052
30140,38046.50457,76,4.580314763
30220,94916.18585,40,4.977340278
30260,36602.3239,43,4.56350866
30280,28932.72228,41,4.461389298
30300,39527.87635,63,4.596903482
30340,38483.05692,71,4.585269563
30380,34012.6812,63,4.531640868
30420,61714.7625,40,4.790389062
30460,51399.37199,79,4.710957813
30580,56620.8146,35,4.752976113
30620,73876.73954,74,4.86850772
30660,33372.54431,46,4.523389318
30700,50846.59521,81,4.706261877
30780,45345.03488,94,4.65652974
30820,39673.48561,62,4.598500358
30860,35391.83592,72,4.548903092
30880,32767.98764,40,4.515449771
30900,32795.08002,46,4.515808695
30940,26324.31056,60,4.420357006
30980,48231.65205,76,4.683332138
31020,40056.2142,69,4.602669901
31060,111309.0291,5,5.046530395
31080,64198.94342,108,4.807527881
31140,49577.58759,75,4.69528539
31180,39700.23821,75,4.598793113
31220,33353.80989,56,4.523145449
31260,32688.85822,63,4.514399751
31300,24010.25168,49,4.380396712
31340,22553.40262,61,4.353212073
31380,36431.34656,50,4.561475224
31420,42696.38314,61,4.630391087
31460,37515.64147,59,4.574212377
31500,40828.35798,41,4.610961914
31540,66314.47834,87,4.821608358
31580,42717.97176,48,4.630610624
31620,34775.47366,42,4.541273054
31660,34562.33235,42,4.538603042
31680,27878.90111,49,4.445275651
31700,58101.86083,82,4.764190042
31740,38480.3474,78,4.585238984
31820,48811.32266,75,4.688520576
31860,51353.31057,81,4.710568446
31900,34512.70153,66,4.537978956
31930,55929.67218,71,4.747642274
31940,39467.30694,55,4.596237493
31980,43244.26428,46,4.635928513
32000,34761.23095,39,4.541095147
32020,39428.36853,54,4.595808807
32100,42069.60323,61,4.623968416
32140,59195.83782,56,4.772291172
32180,39967.09331,39,4.601702564
32220,63692.81546,63,4.804090447
32260,40776.25741,51,4.610407362
32280,30144.11598,51,4.479202552
32340,30145.86854,39,4.479227801
32380,55534.43265,54,4.744562339
32460,29263.13244,53,4.466320813
32500,61162.42297,50,4.786484682
32540,36385.00349,62,4.560922421
32580,22209.36846,60,4.346536209
32620,24987.61497,56,4.397724805
32660,34295.59173,42,4.5352383
32700,64168.1304,42,4.807319386
32740,33024.52723,61,4.518836609
32780,35973.15005,84,4.555978469
32820,49628.26333,74,4.695729078
32860,38580.30143,55,4.586365616
32900,31651.09773,54,4.500388777
32940,34090.07589,72,4.532627968
32980,62776.10975,49,4.797794399
33020,39294.55206,53,4.594332342
33060,28936.07869,46,4.461439677
33100,49155.85224,92,4.69157523
33140,34981.7549,72,4.543841593
33180,26459.4813,48,4.422581326
33220,57778.10385,43,4.761763285
33260,145057.0729,41,5.16153891
33300,25098.56411,43,4.399648876
33340,56440.37635,88,4.751589901
33420,36221.53496,59,4.55896685
33460,65514.41463,89,4.816336865
33500,53898.11872,83,4.731573607
33540,39664.57667,83,4.598402824
33580,50431.82886,61,4.702704718
33620,44912.65205,44,4.652368701
33660,43628.63075,78,4.639771583
33700,36408.1516,79,4.561198631
33740,39775.03315,78,4.59961055
33780,36509.25789,65,4.562403005
33860,43680.22971,90,4.640284914
33940,31696.59811,77,4.501012653
33980,30713.97459,70,4.487336021
34020,43797.23033,53,4.641446647
34060,49340.7724,56,4.693205944
34100,34733.08975,57,4.540743419
34140,28906.17259,64,4.460990591
34180,59655.85699,67,4.775653089
34220,27179.91687,45,4.434248124
34260,28353.04551,58,4.452599715
34300,45356.63534,51,4.65664083
34340,30096.63446,59,4.478517934
34380,30225.23054,50,4.480369622
34420,61576.24403,37,4.789413195
34460,23380.11078,44,4.368846565
34500,44659.71859,47,4.649915982
34540,31528.76807,47,4.498707002
34580,57082.4593,87,4.756502676
34620,30697.4917,74,4.487102891
34660,31286.66151,35,4.495359224
34700,57384.6118,46,4.758795448
34740,32918.43292,74,4.517439152
34780,42081.3438,66,4.6240896
34820,33933.09953,64,4.530623531
34860,38334.64567,63,4.583591453
34900,68843.66165,46,4.837863961
34940,45034.56466,57,4.653545969
34980,60459.929,78,4.781467633
35020,27471.8953,70,4.438888623
35060,31221.29383,52,4.494450897
35100,38380.74421,74,4.584113392
35140,31856.39013,45,4.503196561
35220,21978.65519,48,4.342001116
35260,32724.1328,74,4.514868146
35300,52683.14147,74,4.721671664
35380,55784.14404,84,4.746510774
35420,37079.57711,74,4.569134772
35440,33517.66796,55,4.525273794
35460,19532.47453,43,4.290757267
35500,28954.1147,58,4.46171029
35580,56293.14028,48,4.750455476
35620,75705.16021,96,4.879125483
35660,44871.55797,70,4.651971149
35700,34126.60519,57,4.533093088
35740,56282.97647,71,4.750377057
35820,70093.16281,64,4.845675657
35840,37611.51327,82,4.575320807
35860,23077.63167,41,4.363191238
35900,32630.71471,44,4.513626586
35940,33978.35097,58,4.531202298
35980,60723.11541,53,4.783354045
36020,33990.72422,69,4.531360418
36100,25116.29564,79,4.399955586
36140,50437.36744,69,4.702752411
36220,65840.10574,51,4.81849052
36260,36334.23973,92,4.560316077
36300,39733.69496,54,4.599158953
36340,33692.45718,73,4.527532685
36380,28640.22371,61,4.456976406
36420,57385.99631,84,4.758805926
36460,35444.73755,62,4.549551765
36500,40694.97164,71,4.60954075
36540,59749.47099,72,4.776334064
36580,38394.09662,59,4.584264453
36620,37393.63139,55,4.572797643
36660,26195.86338,67,4.418232717
36700,28425.82644,57,4.4537131
36740,47422.10771,63,4.675980853
36780,54860.45498,53,4.739259405
36820,34769.00336,57,4.541192242
36830,42738.90529,32,4.630823394
36840,32437.17216,46,4.511042986
36860,45507.42609,72,4.658082272
36900,39097.18543,46,4.592145494
36940,55450.43768,50,4.743904978
36980,45566.23447,65,4.658643141
37020,22542.31728,59,4.352998558
37060,33989.81609,51,4.531348815
37080,43640.30382,49,4.639887765
37100,54554.28428,103,4.736828862
37120,52622.78681,43,4.721173844
37140,52121.9771,70,4.717020881
37220,35055.29507,45,4.544753627
37260,27247.24486,57,4.435322595
37300,29795.57253,47,4.474151735
37340,37058.85379,68,4.568891983
37420,45182.49461,47,4.654970205
37460,39614.33997,74,4.597852424
37500,28292.80397,45,4.451675991
37540,33652.84202,62,4.527021747
37580,45324.18525,55,4.656330006
37620,35508.77346,66,4.550335671
37660,37464.44915,44,4.573619351
37740,29921.57303,51,4.475984421
37780,372107.7419,36,5.570668706
37860,36462.91676,63,4.561851406
37900,53194.02393,58,4.725862844
37940,24539.73978,60,4.389869953
37980,63981.56194,78,4.806054838
38060,45776.2691,90,4.660640394
38100,16356.05153,46,4.21367847
38180,57404.67332,68,4.75894725
38220,35697.29759,66,4.55263534
38240,32698.00331,53,4.514521233
38260,34179.62233,59,4.53376726
38300,56816.70627,81,4.754476054
38340,51501.51751,70,4.711820026
38380,34363.77782,48,4.536100902
38420,38434.34402,70,4.584719473
38460,43680.71683,79,4.640289757
38500,33199.78983,58,4.521135334
38540,29782.3435,57,4.473958868
38580,48994.17516,47,4.690144451
38620,35662.95035,62,4.552217269
38700,47710.94616,60,4.678618029
38740,32699.1169,54,4.514536024
38780,32800.03131,49,4.515874258
38820,28545.43987,66,4.45553674
38840,45975.17949,50,4.662523433
38860,51538.352,82,4.712130527
38900,56288.74145,99,4.750421538
38920,107717.0336,48,5.032284385
38940,32204.30849,82,4.507913978
39020,34694.73257,49,4.540263544
39060,31752.78761,71,4.501781858
39140,27684.76791,80,4.442240887
39220,51787.85198,52,4.714227898
39260,31042.94039,58,4.491962851
39300,47145.17868,89,4.673437286
39340,36422.5013,67,4.561369767
39380,33092.08348,67,4.519724111
39420,40573.76513,41,4.608245311
39460,25442.45307,57,4.405558982
39500,46552.99617,64,4.667947638
39540,39391.06277,78,4.595397698
39580,57733.74134,77,4.761429702
39660,39648.83494,80,4.59823043
39700,20143.86868,36,4.304142882
39740,44581.824,88,4.649157833
39780,26282.26823,50,4.419662843
39820,38811.49212,76,4.58896034
39860,57999.82701,61,4.763426698
39900,53454.995,77,4.727988293
39940,25356.57053,43,4.404090515
39980,36586.43946,62,4.563320147
40060,59971.91238,85,4.777947898
40080,28038.04491,49,4.447747727
40100,21682.38693,34,4.33610709
40140,33022.01903,92,4.518803623
40180,42901.36646,71,4.632471125
40220,46715.85578,83,4.669464309
40260,24711.94874,54,4.392906994
40300,51495.44691,51,4.711768832
40340,54974.23288,39,4.740159178
40380,51113.23142,70,4.708533338
40420,41346.2691,79,4.616436327
40460,40514.18928,48,4.607607153
40540,86188.5196,49,4.935449421
40580,52050.1897,62,4.716422317
40620,32071.7636,61,4.506122842
40660,40109.00445,63,4.603241882
40700,29246.7019,58,4.466076899
40740,30538.09147,65,4.484841892
40780,37357.29669,57,4.572375442
40820,41700.79966,67,4.620144383
40860,40975.63615,69,4.612525705
40900,50082.05038,86,4.699682101
40940,20898.67667,51,4.320118787
40980,38372.29282,67,4.58401775
41060,48357.72704,76,4.68446588
41100,30974.01857,73,4.490997554
41140,41405.94208,61,4.61706267
41180,53912.36497,83,4.731688383
41220,33815.55834,47,4.529116563
41400,27772.92497,72,4.443621621
41420,35341.23494,79,4.548281721
41460,44879.12539,58,4.652044385
41500,57248.50497,70,4.75776415
41540,48798.32589,76,4.688404923
41620,65772.8578,88,4.818046712
41660,56959.40226,77,4.755565423
41700,44827.82596,80,4.651547677
41740,59646.62791,88,4.775585896
41760,29978.45508,63,4.476809248
41780,64878.07317,60,4.812097943
41820,43488.40796,52,4.638373509
41860,95241.6397,99,4.978826864
41940,132828.145,51,5.123290108
42020,53904.968,80,4.731628793
42100,45894.83234,86,4.661763788
42140,41524.34781,73,4.61830282
42200,56679.87805,86,4.753428907
42220,51239.56254,85,4.709605413
42300,26280.37854,57,4.419631616
42340,47967.15458,67,4.680943957
42380,64802.79201,59,4.811593718
42420,50825.15553,64,4.706078716
42460,26560.6439,49,4.424238599
42540,44600.91354,82,4.649343754
42620,27324.71086,62,4.436555575
42660,82583.51731,86,4.916893376
42680,38490.19375,71,4.585350097
42700,22705.72616,62,4.356135396
42740,38645.59777,45,4.587100029
42780,31903.28003,50,4.503835336
42820,27634.11046,52,4.441445489
42860,47813.70576,47,4.679552405
42900,38196.34269,52,4.582021781
42940,36647.08683,47,4.564039457
42980,47602.85058,40,4.67763296
43020,30908.44296,59,4.490077128
43060,27324.43686,57,4.43655122
43100,56554.2797,57,4.752465475
43140,35065.51109,64,4.544880173
43180,33069.39352,35,4.51942623
43220,22492.47177,52,4.352037184
43260,42515.16968,70,4.628543917
43300,35132.12635,64,4.545704436
43320,24075.23326,58,4.381570504
43340,47587.84967,79,4.677496081
43380,58988.96637,43,4.770770786
43420,34061.48469,68,4.532263574
43460,38597.79273,58,4.58656247
43500,41294.18054,41,4.615888852
43580,51734.95907,66,4.71378411
43620,71250.23833,68,4.852786321
43660,142220.1298,50,5.152961071
43700,29835.26639,56,4.47472992
43740,31148.12392,72,4.493431894
43760,41552.06685,56,4.618592631
43780,40992.25498,65,4.612701809
43900,40491.45668,79,4.607363401
43940,38386.42719,60,4.584177692
43980,54540.76437,63,4.73672122
44020,51657.25124,59,4.713131293
44060,41131.54715,94,4.614175046
44100,48996.07631,60,4.690161302
44140,43003.54733,68,4.633504282
44180,37826.35871,79,4.577794537
44220,30663.67716,62,4.486624234
44260,31500.4636,45,4.498316945
44300,48702.50852,71,4.687551331
44340,27529.14546,64,4.439792731
44460,67076.40377,38,4.82656977
44500,30820.61631,61,4.488841319
44540,54182.50323,62,4.733859066
44580,34767.93204,67,4.54117886
44620,52489.47973,56,4.720072268
44660,35307.11391,75,4.547862219
44700,35265.05128,93,4.54734452
44740,65954.69081,30,4.819245689
44780,30792.11995,52,4.48843959
44860,36564.27841,58,4.563057007
44900,22071.27621,31,4.343827446
44920,67957.32669,51,4.832236286
44940,33343.23168,67,4.52300769
44980,28942.406,73,4.461534631
45000,38783.8841,52,4.5886513
45020,63550.12598,47,4.803116416
45060,54896.24766,86,4.73954266
45140,21656.27814,42,4.335583821
45180,32853.71404,54,4.516584473
45220,39628.94159,74,4.598012473
45300,44302.2614,83,4.646425895
45340,26278.90661,52,4.419607292
45380,43455.39257,49,4.638043678
45460,39878.9942,82,4.600744196
45500,33473.46882,65,4.52470072
45520,49282.85061,63,4.69269582
45540,22275.5769,61,4.34782896
45580,23279.35068,41,4.366970863
45620,41923.18812,55,4.622454302
45660,32534.41288,63,4.512342974
45700,40350.82097,55,4.605852375
45740,31697.78037,53,4.501028852
45780,51392.93915,74,4.710903456
45820,44279.62973,64,4.646203981
45860,40686.13574,80,4.609446444
45900,41701.15237,87,4.620148056
45940,79626.28116,62,4.901056433
45980,38494.96124,48,4.585403887
46020,39158.09741,68,4.592821582
46060,36595.15398,66,4.563423579
46100,35304.83413,58,4.547834175
46140,51345.12559,87,4.71049922
46180,41267.58035,54,4.615609006
46220,41794.92723,52,4.621123573
46300,40668.15491,69,4.609254469
46340,44498.1859,69,4.648342306
46380,35360.8264,70,4.548522406
46460,32577.36783,55,4.512915991
46500,25793.75645,39,4.411514595
46520,58502.92132,70,4.767177553
46540,38805.96709,69,4.588898511
46620,41122.29525,53,4.614077347
46660,32919.73272,66,4.5174563
46700,46986.32968,79,4.671971522
46740,23184.25108,44,4.365193071
46780,42932.78979,46,4.63278911
46820,34906.08011,45,4.542901081
46860,52161.41309,60,4.717349348
46900,54416.19483,43,4.73572817
46980,43293.78893,50,4.636425596
47020,43330.9819,72,4.63679853
47080,28202.61782,56,4.450289422
47180,47793.13298,56,4.679365501
47220,38213.66901,71,4.582218738
47240,80353.68033,64,4.905005773
47260,49791.98389,80,4.69715943
47300,35078.65514,67,4.545042935
47340,35269.85334,56,4.547403654
47380,41502.78646,67,4.618077256
47420,49885.18077,49,4.69797155
47460,53772.884,52,4.73056333
47540,45632.91969,40,4.659278257
47580,36714.73531,62,4.564840402
47620,42991.13364,48,4.633378897
47660,30816.12747,47,4.488778062
47700,57281.34681,52,4.758013221
47780,34147.36364,61,4.533357179
47820,46280.97116,61,4.665402464
47900,80936.50786,69,4.908144462
47920,82056.14219,45,4.914111095
47940,49209.54166,64,4.69204932
47980,47150.94945,64,4.673490442
48020,37825.7036,62,4.577787015
48060,52692.59357,74,4.721749575
48100,38967.60688,44,4.590703735
48140,54833.19273,73,4.739043534
48180,29673.01199,64,4.472361632
48220,48175.50643,64,4.682826289
48260,43247.54914,62,4.635961501
48300,47814.25193,73,4.679557365
48460,27055.91687,58,4.432262256
48540,64571.42558,69,4.810040375
48580,37757.82133,74,4.577006927
48620,51198.46885,72,4.709256973
48660,37442.02773,79,4.573359361
48700,50503.36645,88,4.703320328
48780,135963.3378,45,5.133421818
48820,51843.87889,64,4.714697487
48900,44343.9565,72,4.64683444
48940,45010.94864,39,4.653318166
48980,46846.10938,57,4.670673528
49020,17349.68721,66,4.239291649
49080,72116.3911,40,4.858033985
49100,43016.283,56,4.633632881
49180,45314.74163,68,4.656239508
49220,49861.57544,61,4.697765996
49260,55643.46625,57,4.745414176
49300,44506.08193,76,4.648419363
49340,46150.35371,86,4.664175034
49380,55411.41813,44,4.743599265
49420,37314.05516,78,4.571872449
49460,46062.02269,47,4.663343005
49620,42461.19474,90,4.62799221
49660,35449.87407,84,4.549614697
49700,34323.61195,70,4.535592983
49740,33718.18673,70,4.527864211
49780,39853.19575,64,4.600463152
49820,58316.43551,25,4.765790971