Source,Target,Type,Id,Label,timeset,Weight
812,115,Directed,3910,,,0.56142
813,212,Directed,3921,,,0.495072
811,212,Directed,3886,,,0.236645
721,212,Directed,3867,,,0.201297
813,311,Directed,3922,,,0.591823
812,311,Directed,3911,,,1.093315
813,312,Directed,3924,,,0.227199
811,311,Directed,3887,,,0.200433
711,212,Directed,3690,,,0.853027
711,213,Directed,3755,,,0.23377
811,313,Directed,3892,,,0.230224
813,315,Directed,3925,,,0.485618
812,315,Directed,3899,,,0.247702
813,316,Directed,3926,,,0.80219
812,316,Directed,3896,,,0.250918
812,321,Directed,3914,,,0.279321
813,325,Directed,3928,,,0.347392
811,325,Directed,3888,,,0.557485
813,327,Directed,3929,,,0.580418
721,238,Directed,3868,,,0.208721
812,331,Directed,3915,,,0.22266
811,331,Directed,3893,,,0.205098
813,334,Directed,3946,,,0.205689
813,335,Directed,3931,,,0.28999
813,336,Directed,3932,,,0.527093
721,312,Directed,3873,,,0.213552
722,315,Directed,3874,,,0.215903
713,311,Directed,3861,,,0.201816
712,311,Directed,3810,,,0.547063
711,311,Directed,3691,,,2.338138
611,212,Directed,3589,,,0.587962
711,312,Directed,3759,,,0.23615
711,313,Directed,3712,,,0.20509
722,325,Directed,3875,,,0.237392
711,315,Directed,3740,,,0.414146
712,316,Directed,3812,,,0.29977
711,316,Directed,3693,,,1.937245
813,423,Directed,3933,,,0.235633
711,322,Directed,3762,,,0.225364
813,424,Directed,3934,,,0.409763
812,424,Directed,3916,,,0.332673
712,325,Directed,3813,,,0.516883
711,325,Directed,3695,,,0.245197
722,336,Directed,3876,,,0.212175
711,327,Directed,3696,,,2.416396
712,331,Directed,3815,,,0.218915
711,331,Directed,3698,,,0.969795
711,332,Directed,3800,,,0.211714
713,334,Directed,3822,,,0.237703
711,333,Directed,3699,,,1.64618
712,334,Directed,3816,,,0.208372
711,334,Directed,3700,,,2.54602
712,335,Directed,3817,,,0.215587
711,335,Directed,3720,,,0.485473
712,336,Directed,3818,,,0.244722
711,336,Directed,3721,,,0.542129
813,442,Directed,3935,,,0.65581
813,451,Directed,3941,,,0.209871
811,451,Directed,3894,,,0.216951
813,453,Directed,3948,,,0.20714
812,453,Directed,3900,,,0.615932
562,221,Directed,3567,,,0.848764
551,212,Directed,3423,,,0.423574
541,212,Directed,3303,,,1.064827
813,485,Directed,3937,,,0.248026
812,487,Directed,3901,,,0.255145
533,212,Directed,3248,,,0.322464
532,212,Directed,3235,,,0.22647
533,213,Directed,3249,,,0.206529
531,212,Directed,3169,,,0.665911
525,211,Directed,3121,,,0.210403
525,212,Directed,3122,,,0.718784
523,212,Directed,2957,,,0.776639
522,212,Directed,2929,,,0.331008
531,221,Directed,3158,,,0.211449
521,212,Directed,2850,,,0.643727
521,213,Directed,2852,,,0.27684
621,316,Directed,3660,,,0.435795
523,221,Directed,2958,,,1.174909
512,212,Directed,2769,,,0.286652
521,221,Directed,2853,,,0.243861
611,311,Directed,3590,,,2.399454
512,213,Directed,2770,,,0.215232
611,312,Directed,3584,,,0.299075
611,313,Directed,3592,,,1.10518
722,424,Directed,3877,,,0.207009
611,315,Directed,3579,,,1.835629
611,316,Directed,3578,,,2.051797
622,327,Directed,3669,,,0.499718
813,521,Directed,3949,,,0.263091
812,521,Directed,3897,,,0.234788
813,523,Directed,3950,,,0.218421
812,523,Directed,3898,,,0.239336
711,423,Directed,3722,,,1.587963
712,424,Directed,3819,,,0.261981
711,424,Directed,3747,,,1.077717
523,237,Directed,2996,,,0.417368
611,325,Directed,3596,,,0.657925
621,335,Directed,3661,,,0.24888
621,336,Directed,3662,,,0.426165
521,237,Directed,2854,,,0.212662
611,327,Directed,3597,,,0.747967
722,441,Directed,3878,,,0.228052
611,331,Directed,3615,,,0.225113
812,532,Directed,3902,,,0.508802
611,332,Directed,3648,,,0.225159
812,533,Directed,3918,,,0.242864
611,334,Directed,3585,,,0.693282
488,212,Directed,2680,,,0.256285
611,335,Directed,3586,,,1.69508
487,212,Directed,2562,,,0.294028
611,336,Directed,3599,,,1.512621
486,212,Directed,2503,,,0.272695
487,213,Directed,2563,,,0.243834
512,238,Directed,2771,,,0.323216
485,212,Directed,2438,,,0.638359
721,448,Directed,3869,,,0.203982
483,212,Directed,2362,,,0.486179
483,213,Directed,2363,,,0.203951
486,221,Directed,2502,,,0.438726
485,221,Directed,2426,,,0.576628
713,451,Directed,3823,,,0.799409
712,451,Directed,3820,,,0.205214
481,221,Directed,2317,,,0.20623
711,451,Directed,3778,,,0.518495
713,453,Directed,3825,,,1.081144
713,454,Directed,3827,,,0.20348
711,453,Directed,3702,,,1.40059
711,454,Directed,3780,,,0.217908
813,561,Directed,3938,,,0.702742
561,311,Directed,3442,,,2.41099
811,561,Directed,3890,,,0.269905
561,312,Directed,3443,,,0.629524
562,313,Directed,3568,,,0.214336
561,313,Directed,3481,,,0.22425
562,315,Directed,3569,,,0.57568
561,315,Directed,3444,,,0.787509
483,238,Directed,2364,,,0.777488
561,316,Directed,3445,,,1.118691
454,212,Directed,2300,,,0.319303
562,321,Directed,3574,,,0.203764
551,315,Directed,3424,,,0.374056
551,316,Directed,3425,,,0.31401
722,487,Directed,3879,,,0.471176
561,327,Directed,3446,,,1.732598
722,488,Directed,3880,,,1.717716
442,212,Directed,2252,,,0.260551
541,311,Directed,3274,,,2.729102
561,331,Directed,3484,,,0.243646
541,312,Directed,3379,,,1.013824
551,322,Directed,3426,,,0.542784
721,492,Directed,3870,,,0.202953
541,313,Directed,3321,,,0.554588
561,333,Directed,3485,,,0.411552
711,483,Directed,3748,,,0.444599
561,334,Directed,3486,,,0.659895
541,315,Directed,3290,,,1.302026
561,335,Directed,3487,,,0.209527
711,485,Directed,3703,,,0.213227
713,487,Directed,3828,,,2.459788
541,316,Directed,3308,,,1.361095
561,336,Directed,3465,,,1.625957
711,486,Directed,3781,,,0.254271
551,327,Directed,3428,,,0.205518
711,487,Directed,3723,,,0.520766
711,488,Directed,3782,,,0.713414
533,311,Directed,3250,,,0.616757
533,312,Directed,3252,,,0.235984
531,311,Directed,3170,,,1.579548
551,331,Directed,3429,,,0.280152
531,312,Directed,3173,,,0.556964
531,313,Directed,3174,,,0.209386
551,333,Directed,3430,,,0.293694
531,314,Directed,3175,,,0.233302
532,315,Directed,3236,,,0.233894
533,316,Directed,3253,,,0.633754
551,334,Directed,3431,,,0.250189
531,315,Directed,3159,,,1.205399
541,325,Directed,3381,,,0.216658
551,335,Directed,3432,,,0.49225
531,316,Directed,3160,,,1.244101
541,326,Directed,3324,,,0.214608
551,336,Directed,3434,,,0.57483
525,311,Directed,3124,,,0.870218
541,327,Directed,3325,,,0.539592
524,311,Directed,3082,,,1.199902
424,212,Directed,2121,,,0.434777
523,311,Directed,2959,,,4.447962
524,312,Directed,3085,,,0.294754
423,212,Directed,1983,,,1.04816
522,311,Directed,2910,,,1.009695
523,312,Directed,2962,,,2.914923
524,313,Directed,3086,,,0.434416
521,311,Directed,2855,,,2.636921
522,312,Directed,2933,,,0.247554
525,315,Directed,3127,,,0.438201
541,331,Directed,3353,,,0.26304
521,312,Directed,2860,,,1.156268
522,313,Directed,2934,,,0.200129
523,314,Directed,3003,,,0.235395
524,315,Directed,3087,,,0.665059
541,332,Directed,3401,,,0.468107
521,313,Directed,2862,,,0.42368
523,315,Directed,2963,,,2.206152
524,316,Directed,3088,,,0.231702
533,325,Directed,3255,,,0.254467
541,333,Directed,3291,,,1.784523
521,314,Directed,2863,,,0.291101
522,315,Directed,2911,,,0.878003
523,316,Directed,3005,,,1.361809
532,325,Directed,3226,,,0.214645
541,334,Directed,3311,,,2.096387
519,313,Directed,2847,,,0.218392
521,315,Directed,2864,,,0.72471
522,316,Directed,2936,,,0.6995
531,325,Directed,3161,,,0.478851
533,327,Directed,3256,,,0.299653
541,335,Directed,3313,,,1.459275
517,312,Directed,2840,,,0.247403
521,316,Directed,2865,,,0.643152
541,336,Directed,3276,,,1.949002
515,311,Directed,2832,,,0.214963
525,321,Directed,3128,,,0.222501
531,327,Directed,3179,,,0.485559
424,221,Directed,2201,,,0.20031
524,321,Directed,3089,,,0.250901
533,331,Directed,3257,,,0.298132
813,611,Directed,3939,,,0.208517
512,311,Directed,2772,,,2.462816
523,322,Directed,2964,,,0.634189
533,332,Directed,3258,,,0.270198
812,611,Directed,3904,,,0.258532
512,312,Directed,2776,,,0.549703
515,315,Directed,2833,,,0.238943
521,321,Directed,2867,,,0.713503
522,322,Directed,2912,,,0.231786
524,324,Directed,3090,,,0.203876
531,331,Directed,3180,,,0.606356
533,333,Directed,3259,,,0.240629
811,611,Directed,3891,,,0.245373
512,313,Directed,2777,,,0.282892
521,322,Directed,2869,,,0.425556
524,325,Directed,3114,,,0.28992
531,332,Directed,3205,,,0.219075
533,334,Directed,3260,,,0.499063
622,423,Directed,3675,,,0.221741
711,512,Directed,3785,,,0.363482
511,313,Directed,2767,,,0.236798
523,325,Directed,2965,,,1.103954
531,333,Directed,3206,,,0.265225
533,335,Directed,3262,,,0.239286
512,315,Directed,2778,,,0.658331
531,334,Directed,3207,,,0.21829
311,115,Directed,141,,,0.904155
523,327,Directed,2966,,,1.634736
531,335,Directed,3181,,,0.748605
522,327,Directed,2913,,,0.536379
531,336,Directed,3183,,,1.197704
521,327,Directed,2870,,,0.753831
525,331,Directed,3129,,,0.29374
531,337,Directed,3211,,,0.222755
524,331,Directed,3091,,,0.234056
525,332,Directed,3130,,,1.107053
517,325,Directed,2841,,,0.27262
523,331,Directed,2967,,,1.637222
525,333,Directed,3134,,,0.485952
512,321,Directed,2812,,,0.300733
522,331,Directed,2939,,,0.298707
523,332,Directed,2968,,,2.961863
524,333,Directed,3092,,,0.47463
525,334,Directed,3136,,,0.529647
712,521,Directed,3821,,,0.429768
517,327,Directed,2842,,,0.304441
521,331,Directed,2872,,,0.596044
522,332,Directed,2940,,,0.290916
523,333,Directed,2971,,,1.588898
524,334,Directed,3094,,,0.65793
525,335,Directed,3138,,,0.891001
711,521,Directed,3786,,,0.270912
521,332,Directed,2873,,,2.416358
522,333,Directed,2941,,,0.478305
523,334,Directed,2973,,,2.651058
524,335,Directed,3096,,,1.017215
525,336,Directed,3141,,,0.487752
711,522,Directed,3787,,,0.244583
521,333,Directed,2880,,,0.78834
523,335,Directed,2975,,,3.215866
524,336,Directed,3098,,,1.460914
525,337,Directed,3143,,,0.202947
711,523,Directed,3704,,,0.996999
812,624,Directed,3905,,,0.247702
512,325,Directed,2779,,,0.807749
521,334,Directed,2882,,,1.79699
522,335,Directed,2914,,,1.384353
523,336,Directed,2978,,,2.180363
611,424,Directed,3601,,,1.670444
521,335,Directed,2886,,,1.583393
522,336,Directed,2916,,,1.25761
512,327,Directed,2782,,,0.331838
521,336,Directed,2889,,,2.250428
521,337,Directed,2893,,,0.399617
493,311,Directed,2749,,,0.791785
517,335,Directed,2843,,,0.224173
492,311,Directed,2731,,,0.250581
493,312,Directed,2752,,,0.665769
512,331,Directed,2783,,,0.830595
713,532,Directed,3830,,,2.79116
492,312,Directed,2732,,,0.683019
493,313,Directed,2754,,,0.464771
711,531,Directed,3751,,,0.666746
512,333,Directed,2784,,,1.053803
711,532,Directed,3725,,,1.022786
493,315,Directed,2756,,,0.293872
512,334,Directed,2786,,,1.097493
488,311,Directed,2604,,,4.572021
492,315,Directed,2734,,,0.378764
512,335,Directed,2787,,,0.878637
487,311,Directed,2516,,,1.197562
492,316,Directed,2735,,,0.214968
512,336,Directed,2788,,,0.501575
486,311,Directed,2484,,,1.155229
488,313,Directed,2641,,,0.271658
485,311,Directed,2427,,,1.563605
486,312,Directed,2487,,,0.23721
487,313,Directed,2541,,,0.217371
485,312,Directed,2428,,,1.076893
486,313,Directed,2488,,,0.331115
488,315,Directed,2614,,,1.191196
483,311,Directed,2365,,,0.894182
485,313,Directed,2442,,,0.313389
487,315,Directed,2519,,,0.525447
488,316,Directed,2642,,,1.198206
713,541,Directed,3833,,,0.683837
483,312,Directed,2368,,,0.432979
486,315,Directed,2489,,,0.251933
487,316,Directed,2520,,,0.577081
481,311,Directed,2318,,,2.044706
483,313,Directed,2369,,,0.683958
485,315,Directed,2460,,,0.418811
486,316,Directed,2490,,,0.613751
711,541,Directed,3789,,,0.690059
481,312,Directed,2323,,,0.336564
485,316,Directed,2430,,,1.134003
483,315,Directed,2370,,,0.655929
493,325,Directed,2757,,,0.833851
483,316,Directed,2371,,,0.569261
481,315,Directed,2324,,,0.657116
487,321,Directed,2568,,,0.294028
481,316,Directed,2325,,,0.329037
487,322,Directed,2569,,,0.242058
492,327,Directed,2736,,,0.223589
488,325,Directed,2615,,,1.008052
483,321,Directed,2400,,,0.200803
493,331,Directed,2760,,,0.450626
483,322,Directed,2401,,,0.239262
485,324,Directed,2462,,,0.285181
486,325,Directed,2507,,,0.262812
488,327,Directed,2617,,,0.876764
492,331,Directed,2737,,,0.30125
493,332,Directed,2762,,,0.201389
485,325,Directed,2444,,,1.872929
487,327,Directed,2521,,,0.732704
492,332,Directed,2738,,,0.266685
493,333,Directed,2763,,,0.211417
611,451,Directed,3580,,,1.276265
486,327,Directed,2491,,,0.873323
483,325,Directed,2402,,,0.477452
485,327,Directed,2431,,,0.653369
492,334,Directed,2739,,,0.490188
493,335,Directed,2764,,,0.393092
611,453,Directed,3581,,,0.327541
488,331,Directed,2689,,,0.379131
492,335,Directed,2741,,,0.541822
611,454,Directed,3582,,,0.419059
481,325,Directed,2326,,,0.624553
487,331,Directed,2571,,,0.207131
488,332,Directed,2690,,,0.258652
486,331,Directed,2492,,,0.202448
487,332,Directed,2572,,,0.693315
488,333,Directed,2708,,,0.234815
481,327,Directed,2328,,,0.630877
485,331,Directed,2432,,,0.660078
487,333,Directed,2523,,,0.709718
488,334,Directed,2709,,,0.217363
487,334,Directed,2577,,,0.781097
488,335,Directed,2605,,,1.999652
483,331,Directed,2404,,,0.255652
485,333,Directed,2470,,,0.549577
487,335,Directed,2524,,,1.101825
488,336,Directed,2606,,,3.270565
713,561,Directed,3835,,,0.947373
483,332,Directed,2372,,,1.256368
485,334,Directed,2446,,,0.494269
481,331,Directed,2330,,,0.461503
483,333,Directed,2375,,,0.438483
485,335,Directed,2447,,,1.149062
486,336,Directed,2493,,,0.295202
711,561,Directed,3705,,,2.327462
481,332,Directed,2331,,,1.27065
483,334,Directed,2376,,,0.568944
485,336,Directed,2433,,,1.386297
481,333,Directed,2336,,,0.561824
483,335,Directed,2377,,,0.415604
481,334,Directed,2338,,,0.956982
483,336,Directed,2379,,,1.142394
481,335,Directed,2341,,,1.207799
485,339,Directed,2477,,,0.233189
481,336,Directed,2344,,,1.013294
481,337,Directed,2348,,,0.204378
454,312,Directed,2313,,,0.267802
454,316,Directed,2301,,,0.237768
561,423,Directed,3447,,,1.945626
562,424,Directed,3570,,,0.454249
453,316,Directed,2291,,,0.205195
561,424,Directed,3448,,,1.677062
624,487,Directed,3681,,,0.269837
451,316,Directed,2268,,,0.250902
445,311,Directed,2265,,,0.236678
442,312,Directed,2242,,,0.370913
445,315,Directed,2266,,,0.202183
454,325,Directed,2314,,,0.267802
453,325,Directed,2286,,,0.456818
339,212,Directed,1895,,,0.513405
454,327,Directed,2302,,,0.249667
551,424,Directed,3436,,,0.731335
442,316,Directed,2253,,,0.33283
336,212,Directed,1778,,,1.124698
335,212,Directed,1671,,,0.230952
334,212,Directed,1428,,,1.432054
333,212,Directed,1268,,,0.606191
332,212,Directed,1119,,,0.484866
454,334,Directed,2303,,,0.249667
331,212,Directed,1010,,,0.58282
561,442,Directed,3523,,,0.788929
611,492,Directed,3634,,,0.217786
541,423,Directed,3278,,,2.625224
442,325,Directed,2243,,,0.647422
541,424,Directed,3280,,,2.362386
327,212,Directed,885,,,1.209728
336,221,Directed,1705,,,0.307478
442,327,Directed,2246,,,0.472023
335,221,Directed,1611,,,0.230278
325,212,Directed,714,,,0.649005
334,221,Directed,1430,,,0.207595
424,311,Directed,2092,,,2.90931
324,212,Directed,694,,,0.228952
333,221,Directed,1324,,,0.252732
423,311,Directed,1934,,,3.637823
424,312,Directed,2096,,,0.804171
423,312,Directed,1937,,,1.053926
424,313,Directed,2122,,,2.22838
722,611,Directed,3885,,,0.220357
322,212,Directed,669,,,0.208337
423,313,Directed,1969,,,1.108497
425,315,Directed,2234,,,0.210857
561,451,Directed,3452,,,2.988238
423,314,Directed,1938,,,0.475938
424,315,Directed,2097,,,0.893508
425,316,Directed,2235,,,0.243356
533,424,Directed,3263,,,0.490032
423,315,Directed,2036,,,0.401089
424,316,Directed,2098,,,0.826071
561,453,Directed,3454,,,1.869087
423,316,Directed,1939,,,1.330233
531,424,Directed,3163,,,1.843099
316,212,Directed,549,,,1.02298
325,221,Directed,781,,,0.614962
315,212,Directed,471,,,0.729253
624,521,Directed,3682,,,0.231436
314,212,Directed,459,,,0.371694
424,322,Directed,2138,,,0.30525
525,423,Directed,3144,,,0.25102
423,322,Directed,1940,,,0.651279
524,423,Directed,3102,,,0.243601
525,424,Directed,3145,,,0.651944
622,521,Directed,3670,,,0.474685
812,711,Directed,3906,,,0.609671
312,212,Directed,321,,,0.230811
424,324,Directed,2157,,,0.724814
523,423,Directed,2980,,,2.072651
524,424,Directed,3103,,,0.948865
711,611,Directed,3706,,,0.460678
721,621,Directed,3871,,,0.381085
811,711,Directed,3895,,,0.30996
423,324,Directed,2015,,,0.304531
424,325,Directed,2139,,,4.218717
522,423,Directed,2917,,,0.414279
523,424,Directed,2981,,,3.143463
541,442,Directed,3333,,,0.535001
812,713,Directed,3907,,,0.683697
423,325,Directed,1941,,,1.269323
521,423,Directed,2894,,,0.712258
522,424,Directed,2949,,,0.841864
551,453,Directed,3438,,,0.24539
424,327,Directed,2099,,,1.671857
521,424,Directed,2896,,,1.236596
423,327,Directed,1942,,,1.870027
316,221,Directed,567,,,0.234507
425,331,Directed,2236,,,0.230253
517,423,Directed,2844,,,0.526221
424,331,Directed,2143,,,1.036575
541,448,Directed,3293,,,0.205699
423,331,Directed,1944,,,1.024816
424,332,Directed,2100,,,1.306109
515,423,Directed,2834,,,0.200625
624,532,Directed,3683,,,0.740233
423,332,Directed,1946,,,1.379237
424,333,Directed,2145,,,1.344495
425,334,Directed,2237,,,0.222463
423,333,Directed,1947,,,1.84032
424,334,Directed,2102,,,2.275789
541,451,Directed,3281,,,2.79987
611,521,Directed,3588,,,1.01116
711,621,Directed,3707,,,0.46547
423,334,Directed,1949,,,1.617277
424,335,Directed,2104,,,1.033929
512,423,Directed,2790,,,0.474562
713,624,Directed,3837,,,0.927782
423,335,Directed,1975,,,1.127727
424,336,Directed,2105,,,2.2621
512,424,Directed,2791,,,1.394061
541,453,Directed,3282,,,1.39761
611,523,Directed,3606,,,0.45729
325,238,Directed,782,,,0.281283
423,336,Directed,1952,,,2.977173
541,454,Directed,3284,,,0.872968
711,624,Directed,3729,,,0.385072
424,339,Directed,2218,,,0.475073
533,451,Directed,3265,,,0.254467
523,442,Directed,3034,,,1.267797
531,451,Directed,3188,,,0.497732
533,453,Directed,3266,,,0.201222
562,484,Directed,3564,,,0.54241
531,454,Directed,3215,,,0.206365
561,485,Directed,3527,,,0.435996
525,451,Directed,3147,,,0.346985
561,487,Directed,3471,,,0.783853
524,451,Directed,3105,,,0.729602
561,488,Directed,3455,,,0.962446
523,451,Directed,2984,,,0.205133
525,453,Directed,3148,,,0.242587
522,451,Directed,2918,,,0.547607
525,454,Directed,3149,,,0.215912
512,442,Directed,2794,,,0.210177
521,451,Directed,2899,,,0.445169
523,453,Directed,2985,,,1.820152
524,454,Directed,3106,,,0.206987
562,492,Directed,3566,,,0.202034
492,423,Directed,2746,,,0.204591
493,424,Directed,2765,,,0.302012
522,453,Directed,2920,,,0.725792
523,454,Directed,2986,,,1.059437
492,424,Directed,2743,,,0.269065
521,453,Directed,2900,,,0.596044
522,454,Directed,2923,,,0.414985
521,454,Directed,2901,,,0.743946
488,423,Directed,2607,,,1.366576
551,486,Directed,3439,,,0.433141
487,423,Directed,2526,,,0.797999
488,424,Directed,2608,,,3.978278
487,424,Directed,2527,,,1.5034
486,424,Directed,2494,,,0.980779
515,453,Directed,2835,,,0.204074
485,424,Directed,2434,,,1.794636
512,451,Directed,2795,,,0.72365
622,561,Directed,3671,,,0.691546
483,423,Directed,2381,,,0.797146
483,424,Directed,2382,,,2.124601
481,423,Directed,2349,,,0.220058
512,454,Directed,2826,,,0.272195
541,483,Directed,3392,,,0.233048
481,424,Directed,2350,,,1.142777
541,486,Directed,3295,,,0.627752
541,487,Directed,3338,,,0.29045
541,488,Directed,3339,,,0.235541
531,481,Directed,3189,,,0.514841
611,561,Directed,3623,,,1.108157
531,483,Directed,3165,,,0.426561
533,486,Directed,3267,,,0.482463
488,442,Directed,2652,,,0.582537
487,442,Directed,2530,,,0.770398
532,487,Directed,3227,,,0.723477
523,481,Directed,3038,,,0.469756
481,441,Directed,2353,,,0.301288
523,483,Directed,2987,,,0.209879
561,521,Directed,3493,,,0.62703
523,484,Directed,3039,,,0.210788
524,485,Directed,3107,,,0.211632
525,486,Directed,3150,,,0.528855
531,492,Directed,3190,,,0.201396
521,483,Directed,2903,,,0.353006
524,486,Directed,3108,,,0.446551
561,523,Directed,3456,,,0.20943
488,451,Directed,2609,,,0.212811
523,486,Directed,2988,,,1.167336
487,451,Directed,2546,,,0.881934
521,485,Directed,2904,,,0.394717
522,486,Directed,2924,,,0.45095
486,451,Directed,2496,,,0.212099
488,453,Directed,2627,,,1.101943
521,486,Directed,2905,,,0.356428
523,488,Directed,3042,,,0.370979
487,453,Directed,2531,,,1.399764
488,454,Directed,2628,,,0.516093
515,481,Directed,2836,,,0.204698
486,453,Directed,2497,,,0.802109
487,454,Directed,2532,,,0.555497
485,453,Directed,2435,,,0.205964
454,423,Directed,2304,,,1.117553
512,481,Directed,2827,,,0.208984
453,423,Directed,2288,,,0.492113
454,424,Directed,2315,,,0.307056
481,451,Directed,2354,,,0.389809
483,453,Directed,2385,,,0.954899
453,424,Directed,2292,,,0.205551
454,425,Directed,2308,,,0.215211
483,454,Directed,2386,,,0.2072
541,512,Directed,3340,,,0.208696
339,311,Directed,1897,,,0.596767
551,523,Directed,3441,,,0.256671
339,312,Directed,1899,,,0.223115
481,454,Directed,2355,,,0.204378
512,485,Directed,2796,,,0.287352
337,311,Directed,1875,,,0.447164
339,313,Directed,1900,,,1.112683
237,212,Directed,118,,,0.211535
336,311,Directed,1706,,,3.666954
337,312,Directed,1877,,,0.587897
339,314,Directed,1902,,,0.209264
335,311,Directed,1592,,,1.758403
336,312,Directed,1737,,,1.220703
337,313,Directed,1879,,,0.213933
339,315,Directed,1903,,,0.237838
512,488,Directed,2828,,,0.214798
334,311,Directed,1431,,,4.155426
335,312,Directed,1593,,,1.061252
336,313,Directed,1708,,,2.231867
339,316,Directed,1904,,,0.941633
333,311,Directed,1269,,,2.717631
334,312,Directed,1435,,,1.246628
335,313,Directed,1594,,,1.842361
336,314,Directed,1740,,,0.473238
332,311,Directed,1120,,,2.198821
333,312,Directed,1271,,,1.640338
334,313,Directed,1436,,,1.445187
335,314,Directed,1618,,,0.479413
336,315,Directed,1784,,,1.002318
337,316,Directed,1865,,,0.581545
331,311,Directed,1011,,,2.251081
332,312,Directed,1181,,,1.215422
333,313,Directed,1272,,,2.857559
334,314,Directed,1437,,,0.922848
336,316,Directed,1710,,,2.133144
512,492,Directed,2797,,,0.578441
541,521,Directed,3341,,,0.56824
561,541,Directed,3457,,,3.651747
331,312,Directed,1014,,,0.562355
332,313,Directed,1100,,,1.98135
334,315,Directed,1438,,,1.618288
335,316,Directed,1619,,,1.713074
442,423,Directed,2247,,,0.70231
541,522,Directed,3286,,,0.525563
331,313,Directed,1015,,,1.144727
332,314,Directed,1239,,,0.237393
333,315,Directed,1326,,,0.205307
334,316,Directed,1439,,,2.90596
442,424,Directed,2249,,,0.73127
541,523,Directed,3297,,,0.932149
332,315,Directed,1183,,,0.350547
333,316,Directed,1301,,,1.723593
339,322,Directed,1929,,,0.393624
327,311,Directed,886,,,1.98595
331,315,Directed,1016,,,1.290855
332,316,Directed,1122,,,1.302112
337,321,Directed,1866,,,0.247463
326,311,Directed,877,,,0.497129
327,312,Directed,888,,,0.822343
331,316,Directed,1017,,,0.961209
337,322,Directed,1881,,,0.543888
339,324,Directed,1906,,,0.260903
325,311,Directed,715,,,6.189679
327,313,Directed,889,,,1.537874
336,322,Directed,1711,,,0.64063
339,325,Directed,1907,,,0.77756
324,311,Directed,695,,,0.694343
325,312,Directed,719,,,1.849489
327,314,Directed,890,,,0.263798
335,322,Directed,1595,,,0.656302
339,326,Directed,1930,,,0.279681
624,611,Directed,3686,,,0.207077
324,312,Directed,698,,,0.356351
325,313,Directed,721,,,2.04603
334,322,Directed,1477,,,0.558243
335,323,Directed,1622,,,0.253442
336,324,Directed,1741,,,0.83832
339,327,Directed,1910,,,0.304369
454,442,Directed,2309,,,0.221638
533,521,Directed,3269,,,0.287136
322,311,Directed,670,,,0.273781
323,312,Directed,690,,,0.223049
324,313,Directed,699,,,0.399103
327,316,Directed,891,,,1.776215
333,322,Directed,1302,,,0.979405
334,323,Directed,1441,,,0.204952
335,324,Directed,1623,,,0.430855
336,325,Directed,1712,,,4.190782
453,442,Directed,2293,,,0.206099
492,481,Directed,2744,,,0.748408
532,521,Directed,3238,,,0.33727
321,311,Directed,619,,,0.209167
322,312,Directed,671,,,0.247845
324,314,Directed,700,,,0.212166
325,315,Directed,754,,,0.8784
332,322,Directed,1101,,,3.119894
333,323,Directed,1273,,,0.651583
335,325,Directed,1596,,,2.687579
336,326,Directed,1790,,,0.584794
337,327,Directed,1882,,,0.210233
533,523,Directed,3270,,,0.519662
221,212,Directed,108,,,0.424214
321,312,Directed,620,,,0.226896
322,313,Directed,672,,,0.519277
324,315,Directed,701,,,0.450256
325,316,Directed,722,,,1.806555
331,322,Directed,1018,,,0.47633
333,324,Directed,1303,,,0.901738
334,325,Directed,1442,,,1.648481
335,326,Directed,1597,,,0.647187
336,327,Directed,1715,,,1.535129
451,442,Directed,2269,,,0.763003
521,512,Directed,2906,,,0.232866
321,313,Directed,621,,,0.544325
331,323,Directed,1049,,,0.45054
332,324,Directed,1148,,,0.639836
333,325,Directed,1274,,,6.211541
335,327,Directed,1598,,,2.268083
339,331,Directed,1911,,,0.57959
492,484,Directed,2747,,,0.56255
519,511,Directed,2848,,,0.44984
531,523,Directed,3166,,,1.105054
533,525,Directed,3272,,,0.4341
321,314,Directed,623,,,0.20081
323,316,Directed,691,,,0.21115
331,324,Directed,1050,,,0.623696
332,325,Directed,1102,,,3.668108
333,326,Directed,1278,,,0.963988
334,327,Directed,1443,,,4.042495
339,332,Directed,1913,,,0.295118
488,481,Directed,2654,,,0.222173
327,321,Directed,892,,,0.227391
331,325,Directed,1019,,,2.362589
332,326,Directed,1103,,,0.203514
333,327,Directed,1279,,,1.267441
337,331,Directed,1867,,,0.499764
339,333,Directed,1914,,,1.575819
487,481,Directed,2549,,,0.202647
316,311,Directed,550,,,3.07677
327,322,Directed,893,,,1.239805
331,326,Directed,1083,,,0.26644
332,327,Directed,1169,,,0.977113
336,331,Directed,1768,,,1.495963
337,332,Directed,1869,,,3.543762
339,334,Directed,1918,,,0.23608
488,483,Directed,2655,,,1.463471
315,311,Directed,472,,,2.291776
316,312,Directed,572,,,0.560323
326,322,Directed,880,,,0.250413
327,323,Directed,894,,,0.278491
331,327,Directed,1021,,,1.143114
335,331,Directed,1631,,,2.040526
336,332,Directed,1716,,,1.968641
337,333,Directed,1890,,,0.612204
339,335,Directed,1919,,,0.549792
487,483,Directed,2550,,,1.732731
314,311,Directed,431,,,0.242138
315,312,Directed,477,,,0.923123
316,313,Directed,551,,,0.783266
325,322,Directed,723,,,0.825149
327,324,Directed,895,,,0.587531
334,331,Directed,1445,,,2.311679
335,332,Directed,1599,,,1.764106
336,333,Directed,1717,,,2.250283
339,336,Directed,1920,,,0.565178
454,451,Directed,2310,,,0.200644
313,311,Directed,358,,,0.952658
315,313,Directed,479,,,1.794534
316,314,Directed,575,,,0.227389
327,325,Directed,896,,,3.33503
333,331,Directed,1280,,,2.057327
334,332,Directed,1446,,,2.800335
335,333,Directed,1600,,,2.283248
336,334,Directed,1719,,,1.598178
337,335,Directed,1870,,,0.223879
425,423,Directed,2238,,,0.490678
453,451,Directed,2294,,,0.297494
483,481,Directed,2387,,,0.526995
525,523,Directed,3152,,,0.913407
713,711,Directed,3838,,,2.429651
213,212,Directed,97,,,0.517709
312,311,Directed,295,,,2.86395
313,312,Directed,361,,,1.081921
314,313,Directed,432,,,1.333921
315,314,Directed,482,,,1.985656
316,315,Directed,552,,,1.306185
325,324,Directed,724,,,1.63424
326,325,Directed,878,,,0.497002
327,326,Directed,900,,,0.424711
332,331,Directed,1104,,,1.687931
333,332,Directed,1281,,,2.261538
334,333,Directed,1450,,,4.396469
335,334,Directed,1601,,,3.601969
336,335,Directed,1721,,,2.610367
337,336,Directed,1871,,,0.476267
424,423,Directed,2107,,,1.663402
425,424,Directed,2240,,,0.716856
454,453,Directed,2311,,,0.339843
488,487,Directed,2629,,,2.868089
522,521,Directed,2952,,,0.333469
525,524,Directed,3154,,,0.335341
562,561,Directed,3576,,,0.200707
812,811,Directed,3920,,,0.352739
212,213,Directed,46,,,0.219651
311,312,Directed,142,,,2.401775
312,313,Directed,300,,,0.971885
313,314,Directed,364,,,0.320894
314,315,Directed,435,,,2.100737
315,316,Directed,484,,,0.89739
321,322,Directed,626,,,0.351834
324,325,Directed,702,,,0.492465
325,326,Directed,729,,,0.734369
331,332,Directed,1024,,,1.091507
332,333,Directed,1129,,,4.573389
333,334,Directed,1284,,,0.948618
334,335,Directed,1457,,,5.744284
335,336,Directed,1604,,,3.59184
336,337,Directed,1776,,,0.306383
423,424,Directed,1957,,,3.695222
487,488,Directed,2533,,,3.39306
522,523,Directed,2953,,,0.484008
524,525,Directed,3120,,,0.226515
311,313,Directed,172,,,2.197982
312,314,Directed,301,,,0.432669
313,315,Directed,365,,,1.281665
322,324,Directed,674,,,0.2686
325,327,Directed,730,,,2.2175
331,333,Directed,1025,,,1.027668
332,334,Directed,1111,,,1.35523
333,335,Directed,1285,,,2.366788
334,336,Directed,1458,,,2.941101
451,453,Directed,2272,,,0.746302
483,485,Directed,2419,,,0.541172
519,521,Directed,2849,,,0.284784
523,525,Directed,3074,,,0.235774
531,533,Directed,3220,,,0.206663
711,713,Directed,3732,,,1.456549
313,316,Directed,366,,,0.625905
321,324,Directed,627,,,0.555938
322,325,Directed,675,,,0.23685
331,334,Directed,1027,,,1.41055
332,335,Directed,1134,,,2.42394
333,336,Directed,1286,,,2.830356
336,339,Directed,1832,,,0.463889
311,315,Directed,173,,,0.378022
312,316,Directed,302,,,0.21236
321,325,Directed,628,,,1.308379
327,331,Directed,904,,,0.680991
331,335,Directed,1029,,,1.667815
332,336,Directed,1112,,,3.679305
335,339,Directed,1608,,,0.708809
483,487,Directed,2389,,,0.503125
488,492,Directed,2697,,,0.233301
517,521,Directed,2846,,,0.254136
311,316,Directed,149,,,3.473781
321,326,Directed,631,,,0.25908
322,327,Directed,676,,,0.46206
326,331,Directed,882,,,0.210687
327,332,Directed,906,,,1.334394
331,336,Directed,1031,,,3.270933
332,337,Directed,1115,,,2.423887
334,339,Directed,1460,,,0.515023
483,488,Directed,2390,,,0.880275
315,321,Directed,485,,,0.290212
316,322,Directed,554,,,0.28064
321,327,Directed,632,,,0.203415
325,331,Directed,732,,,2.440588
326,332,Directed,883,,,0.234801
327,333,Directed,907,,,1.493296
333,339,Directed,1318,,,1.756875
315,322,Directed,486,,,0.593808
325,332,Directed,733,,,1.791016
327,334,Directed,909,,,1.929801
332,339,Directed,1141,,,0.214259
485,492,Directed,2480,,,0.226297
314,322,Directed,437,,,0.547171
316,324,Directed,577,,,0.35821
324,332,Directed,704,,,0.214474
325,333,Directed,734,,,2.823975
327,335,Directed,912,,,3.085967
331,339,Directed,1094,,,0.252849
511,519,Directed,2768,,,0.425995
515,523,Directed,2838,,,0.254183
525,533,Directed,3155,,,0.440851
313,322,Directed,367,,,1.165154
315,324,Directed,487,,,0.450042
316,325,Directed,578,,,0.45941
325,334,Directed,799,,,1.004176
327,336,Directed,915,,,1.642678
442,451,Directed,2259,,,0.280343
312,322,Directed,329,,,0.34845
314,324,Directed,439,,,0.376837
315,325,Directed,488,,,1.324532
316,326,Directed,579,,,0.352606
321,331,Directed,658,,,0.200628
322,332,Directed,678,,,2.493228
323,333,Directed,692,,,0.207036
325,335,Directed,735,,,2.519802
326,336,Directed,884,,,0.248578
523,533,Directed,2990,,,0.969111
311,322,Directed,151,,,0.456942
314,325,Directed,440,,,2.010609
315,326,Directed,492,,,0.569985
316,327,Directed,580,,,0.441917
321,332,Directed,633,,,0.26111
325,336,Directed,737,,,4.363743
442,453,Directed,2260,,,0.203671
711,722,Directed,3735,,,0.470284
311,323,Directed,216,,,0.202645
312,324,Directed,303,,,0.211162
313,325,Directed,368,,,2.421126
315,327,Directed,493,,,0.676706
321,333,Directed,634,,,0.433632
322,334,Directed,684,,,0.213631
323,335,Directed,693,,,0.223049
324,336,Directed,705,,,0.508688
327,339,Directed,919,,,0.213961
521,533,Directed,2907,,,0.217071
311,324,Directed,152,,,0.804434
312,325,Directed,304,,,1.713777
313,326,Directed,374,,,0.874476
314,327,Directed,446,,,0.388118
322,335,Directed,685,,,0.327027
311,325,Directed,143,,,5.805694
312,326,Directed,307,,,0.235521
313,327,Directed,375,,,0.639203
321,335,Directed,635,,,0.549293
322,336,Directed,664,,,0.637123
325,339,Directed,773,,,0.90404
311,326,Directed,156,,,0.472416
312,327,Directed,308,,,0.519809
316,331,Directed,555,,,1.654324
321,336,Directed,636,,,0.508232
322,337,Directed,688,,,0.383282
311,327,Directed,157,,,2.00855
315,331,Directed,494,,,0.46407
316,332,Directed,557,,,0.439859
321,337,Directed,650,,,0.699062
221,238,Directed,109,,,0.217623
314,331,Directed,447,,,0.606404
315,332,Directed,495,,,0.828461
316,333,Directed,585,,,0.707296
313,331,Directed,377,,,1.59795
314,332,Directed,449,,,0.366632
315,333,Directed,498,,,0.597279
316,334,Directed,587,,,0.951746
424,442,Directed,2112,,,0.235621
312,331,Directed,309,,,1.093357
313,332,Directed,380,,,0.383267
315,334,Directed,500,,,0.637161
316,335,Directed,558,,,0.628881
423,442,Directed,1962,,,1.781811
512,531,Directed,2799,,,0.246449
311,331,Directed,223,,,1.08655
312,332,Directed,337,,,0.721397
313,333,Directed,381,,,0.693458
315,335,Directed,502,,,0.807363
316,336,Directed,559,,,1.508117
541,561,Directed,3287,,,5.155855
311,332,Directed,158,,,0.910314
312,333,Directed,310,,,0.786296
314,335,Directed,450,,,0.276901
315,336,Directed,504,,,1.031225
311,333,Directed,159,,,1.673095
312,334,Directed,311,,,0.535188
313,335,Directed,384,,,0.546348
314,336,Directed,451,,,0.516138
311,334,Directed,226,,,1.076202
312,335,Directed,312,,,0.798128
313,336,Directed,386,,,1.083752
314,337,Directed,453,,,0.228052
316,339,Directed,591,,,0.299958
311,335,Directed,160,,,1.190143
312,336,Directed,313,,,1.194493
313,337,Directed,389,,,0.204809
212,237,Directed,14,,,0.213
311,336,Directed,161,,,2.249909
212,238,Directed,47,,,0.366491
311,337,Directed,229,,,0.213906
313,339,Directed,390,,,0.373775
312,339,Directed,315,,,0.229912
424,451,Directed,2113,,,0.202952
311,339,Directed,230,,,0.205061
423,451,Directed,1964,,,1.130553
533,561,Directed,3273,,,0.250707
424,453,Directed,2114,,,0.944508
423,453,Directed,1932,,,2.532769
424,454,Directed,2116,,,0.688378
531,561,Directed,3193,,,0.483995
423,454,Directed,1965,,,1.485587
481,512,Directed,2356,,,0.306601
454,487,Directed,2312,,,0.237981
453,487,Directed,2296,,,0.264386
487,521,Directed,2590,,,0.280976
488,523,Directed,2610,,,0.777083
451,487,Directed,2273,,,0.644748
487,523,Directed,2553,,,0.401015
525,561,Directed,3156,,,0.540264
486,523,Directed,2499,,,0.597427
524,561,Directed,3110,,,0.252076
454,492,Directed,2316,,,0.212997
523,561,Directed,2991,,,2.84582
453,492,Directed,2289,,,0.260508
485,524,Directed,2436,,,0.535669
522,561,Directed,2955,,,0.681602
523,562,Directed,3046,,,0.445924
483,523,Directed,2391,,,0.722188
521,561,Directed,2908,,,0.277552
483,524,Directed,2424,,,0.239262
481,523,Directed,2357,,,0.296692
442,487,Directed,2261,,,0.242835
487,532,Directed,2591,,,1.560931
493,541,Directed,2766,,,0.205831
512,561,Directed,2800,,,0.73649
483,533,Directed,2392,,,0.241093
512,562,Directed,2802,,,0.288755
481,533,Directed,2358,,,0.332408
488,541,Directed,2663,,,0.232801
487,541,Directed,2554,,,0.739359
424,485,Directed,2221,,,0.455198
561,622,Directed,3536,,,0.464473
423,487,Directed,2000,,,0.248973
424,488,Directed,2117,,,0.449951
423,488,Directed,2001,,,0.223309
424,492,Directed,2169,,,0.822147
424,493,Directed,2170,,,0.709428
488,561,Directed,2633,,,2.447203
237,311,Directed,121,,,0.420581
487,561,Directed,2537,,,1.284609
237,312,Directed,123,,,0.333234
448,523,Directed,2267,,,0.201089
486,561,Directed,2500,,,0.958384
485,561,Directed,2437,,,0.857329
238,315,Directed,136,,,0.236695
238,316,Directed,137,,,0.437583
481,561,Directed,2359,,,0.866461
531,611,Directed,3167,,,0.515162
541,621,Directed,3299,,,0.603791
442,523,Directed,2262,,,0.246615
541,623,Directed,3372,,,0.829083
339,424,Directed,1922,,,0.518311
336,423,Directed,1754,,,0.942851
337,424,Directed,1892,,,0.238493
624,711,Directed,3687,,,0.278305
237,325,Directed,124,,,0.204139
335,423,Directed,1642,,,0.42505
336,424,Directed,1727,,,4.257102
523,611,Directed,2992,,,0.504941
334,423,Directed,1461,,,1.346821
335,424,Directed,1669,,,0.547714
624,713,Directed,3688,,,0.438208
333,423,Directed,1288,,,2.184776
334,424,Directed,1462,,,2.391928
451,541,Directed,2274,,,0.667146
531,621,Directed,3195,,,0.453389
332,423,Directed,1159,,,1.163257
333,424,Directed,1290,,,2.643229
221,313,Directed,115,,,0.243005
331,423,Directed,1095,,,0.67525
332,424,Directed,1116,,,3.020489
532,624,Directed,3225,,,0.961523
721,813,Directed,3872,,,0.300453
331,424,Directed,1036,,,2.124463
237,332,Directed,125,,,0.250335
238,334,Directed,138,,,0.205825
327,423,Directed,920,,,1.721906
327,424,Directed,921,,,1.668267
238,336,Directed,140,,,0.206974
325,423,Directed,742,,,1.745806
423,521,Directed,2002,,,0.50401
523,621,Directed,3078,,,0.295419
212,311,Directed,15,,,0.748028
237,336,Directed,126,,,0.470071
325,424,Directed,744,,,3.67616
442,541,Directed,2263,,,0.215445
512,611,Directed,2803,,,0.214724
522,621,Directed,2927,,,0.258115
713,812,Directed,3842,,,0.495218
212,312,Directed,16,,,1.109017
213,313,Directed,98,,,0.220744
324,424,Directed,707,,,0.497693
423,523,Directed,1979,,,0.246449
424,524,Directed,2171,,,0.524562
523,623,Directed,3079,,,0.874121
711,811,Directed,3809,,,0.425323
212,313,Directed,17,,,0.850467
322,423,Directed,665,,,0.411555
711,812,Directed,3736,,,0.209432
321,423,Directed,637,,,0.447859
322,424,Directed,666,,,0.228197
212,315,Directed,18,,,0.424018
321,424,Directed,638,,,1.11716
212,316,Directed,49,,,0.883538
336,442,Directed,1803,,,0.205259
316,423,Directed,561,,,0.777023
315,423,Directed,506,,,0.409158
316,424,Directed,562,,,1.685904
453,561,Directed,2297,,,0.306035
314,423,Directed,454,,,0.550334
315,424,Directed,507,,,1.409083
424,533,Directed,2187,,,0.208312
212,322,Directed,19,,,0.735106
313,423,Directed,391,,,1.381221
314,424,Directed,456,,,0.614282
332,442,Directed,1117,,,0.22728
451,561,Directed,2275,,,0.562123
312,423,Directed,316,,,0.780099
313,424,Directed,393,,,1.815257
212,324,Directed,20,,,0.782012
213,325,Directed,99,,,0.293976
311,423,Directed,202,,,1.263677
312,424,Directed,317,,,0.765334
212,325,Directed,21,,,2.859785
311,424,Directed,163,,,3.082595
212,326,Directed,25,,,0.451162
221,335,Directed,112,,,0.212377
212,327,Directed,26,,,0.26524
327,442,Directed,981,,,0.953849
336,451,Directed,1730,,,0.782999
337,453,Directed,1873,,,0.234874
334,451,Directed,1532,,,0.225776
336,453,Directed,1731,,,0.917122
423,541,Directed,2003,,,0.453651
212,331,Directed,27,,,0.99704
332,451,Directed,1118,,,0.68797
442,561,Directed,2264,,,0.279856
212,332,Directed,29,,,0.753418
213,333,Directed,100,,,0.299177
331,451,Directed,1039,,,0.566384
334,454,Directed,1464,,,0.673746
212,333,Directed,30,,,0.81876
212,334,Directed,32,,,0.330114
331,453,Directed,1040,,,0.40874
212,335,Directed,33,,,0.44744
488,611,Directed,2611,,,0.232116
212,336,Directed,34,,,1.011461
327,451,Directed,932,,,1.079286
113,238,Directed,0,,,0.508032
316,442,Directed,597,,,0.529692
325,451,Directed,828,,,0.274619
327,453,Directed,933,,,0.604398
485,611,Directed,2483,,,0.398335
327,454,Directed,986,,,0.215037
325,453,Directed,864,,,0.557918
324,453,Directed,709,,,0.446528
311,442,Directed,268,,,0.208233
316,451,Directed,616,,,0.276801
315,451,Directed,509,,,0.230684
486,622,Directed,2501,,,0.263862
487,623,Directed,2595,,,0.210395
314,451,Directed,457,,,0.267355
424,561,Directed,2118,,,1.874666
487,624,Directed,2596,,,0.584533
423,561,Directed,1933,,,6.099521
312,451,Directed,350,,,0.213966
311,451,Directed,269,,,0.27092
311,453,Directed,179,,,0.90458
312,454,Directed,351,,,0.204626
336,481,Directed,1836,,,0.209972
336,485,Directed,1804,,,0.61831
335,485,Directed,1644,,,0.342215
561,711,Directed,3506,,,1.029393
331,483,Directed,1041,,,0.468667
331,485,Directed,1069,,,0.4324
333,488,Directed,1292,,,0.202288
332,488,Directed,1162,,,0.221031
336,492,Directed,1759,,,0.66732
327,484,Directed,922,,,0.253289
335,492,Directed,1670,,,0.247334
336,493,Directed,1760,,,0.218374
453,611,Directed,2290,,,0.434936
325,485,Directed,808,,,0.49115
327,487,Directed,987,,,0.260025
333,493,Directed,1293,,,0.208348
451,611,Directed,2277,,,0.200402
327,488,Directed,988,,,0.604775
321,484,Directed,640,,,0.206692
325,488,Directed,748,,,0.428724
316,481,Directed,563,,,0.261463
327,492,Directed,951,,,0.245595
327,493,Directed,952,,,0.240429
325,492,Directed,809,,,0.234031
325,493,Directed,776,,,0.267663
442,611,Directed,2251,,,0.258491
541,711,Directed,3348,,,0.818342
313,484,Directed,396,,,0.570706
321,492,Directed,641,,,0.235759
311,483,Directed,271,,,0.342614
321,493,Directed,642,,,0.205176
312,485,Directed,318,,,0.417622
315,488,Directed,510,,,0.23842
311,485,Directed,234,,,0.201242
313,488,Directed,398,,,0.256907
312,488,Directed,353,,,0.472528
311,488,Directed,165,,,0.287215
334,512,Directed,1587,,,0.450166
532,711,Directed,3231,,,1.010181
531,711,Directed,3168,,,0.377089
541,721,Directed,3421,,,0.228609
532,713,Directed,3232,,,1.826566
311,493,Directed,166,,,0.782029
336,521,Directed,1807,,,0.783384
339,524,Directed,1924,,,0.223115
237,424,Directed,119,,,0.649589
325,512,Directed,749,,,0.253019
334,521,Directed,1465,,,1.744832
336,523,Directed,1808,,,0.306717
424,611,Directed,2172,,,1.073288
524,711,Directed,3111,,,0.234056
335,523,Directed,1703,,,0.268169
336,524,Directed,1809,,,0.427108
423,611,Directed,1982,,,0.466126
332,521,Directed,1231,,,0.26254
334,523,Directed,1551,,,0.595269
333,523,Directed,1398,,,0.323122
332,523,Directed,1142,,,0.204759
333,524,Directed,1322,,,0.204025
115,311,Directed,3,,,0.906153
325,521,Directed,777,,,0.217689
515,711,Directed,2839,,,0.223914
315,512,Directed,511,,,0.225831
327,524,Directed,990,,,0.457672
424,622,Directed,2233,,,0.211224
523,721,Directed,2993,,,0.624852
334,533,Directed,1466,,,0.226563
512,711,Directed,2830,,,0.308973
522,721,Directed,2928,,,0.230436
115,316,Directed,6,,,0.251713
322,523,Directed,667,,,0.233874
331,533,Directed,1042,,,0.216182
321,524,Directed,653,,,0.450169
313,519,Directed,399,,,0.283235
315,521,Directed,530,,,0.485408
314,521,Directed,458,,,0.522902
316,523,Directed,599,,,0.421879
313,521,Directed,427,,,0.380211
316,524,Directed,600,,,0.527586
113,322,Directed,2,,,0.213335
315,524,Directed,512,,,0.542599
324,533,Directed,710,,,0.210223
213,423,Directed,101,,,0.487261
311,521,Directed,272,,,0.252437
313,523,Directed,400,,,0.287783
212,423,Directed,35,,,1.473294
213,424,Directed,103,,,0.218255
313,524,Directed,428,,,0.20412
212,424,Directed,37,,,0.920769
311,524,Directed,144,,,0.571737
488,711,Directed,2729,,,0.227884
337,561,Directed,1893,,,0.629413
487,711,Directed,2539,,,1.328454
336,561,Directed,1761,,,1.313946
487,712,Directed,2599,,,0.214818
315,541,Directed,545,,,0.214397
487,713,Directed,2559,,,2.455115
334,561,Directed,1467,,,0.98281
212,441,Directed,55,,,0.457821
213,442,Directed,104,,,0.554637
332,561,Directed,1143,,,2.026017
221,453,Directed,113,,,0.216533
327,561,Directed,991,,,0.992341
488,722,Directed,2636,,,1.813122
327,562,Directed,923,,,0.247083
487,722,Directed,2540,,,0.564717
325,561,Directed,750,,,1.636373
324,561,Directed,711,,,0.762725
213,453,Directed,106,,,0.201222
321,561,Directed,654,,,0.302525
316,561,Directed,618,,,0.244954
315,561,Directed,513,,,0.240554
312,561,Directed,355,,,0.20605
313,562,Directed,401,,,0.222706
311,561,Directed,180,,,1.474292
561,813,Directed,3511,,,0.517334
237,492,Directed,130,,,0.275242
221,485,Directed,110,,,0.233776
221,486,Directed,114,,,0.346291
212,481,Directed,56,,,0.237825
541,811,Directed,3288,,,0.524221
212,483,Directed,57,,,0.29741
541,812,Directed,3289,,,0.597337
212,484,Directed,58,,,0.310375
339,611,Directed,1925,,,0.38527
541,813,Directed,3302,,,0.254837
212,485,Directed,39,,,0.535735
337,611,Directed,1874,,,0.200398
211,486,Directed,8,,,0.530813
336,611,Directed,1733,,,0.989816
212,488,Directed,40,,,0.245793
335,611,Directed,1609,,,0.762687
334,611,Directed,1503,,,0.63591
333,611,Directed,1294,,,1.055269
332,611,Directed,1260,,,0.258639
212,492,Directed,93,,,0.265253
331,611,Directed,1099,,,0.361267
532,812,Directed,3247,,,0.263983
212,493,Directed,41,,,0.291361
327,611,Directed,924,,,1.207905
238,523,Directed,134,,,0.468965
237,523,Directed,131,,,0.247605
325,611,Directed,779,,,0.969794
324,611,Directed,713,,,0.218048
424,711,Directed,2120,,,0.202952
423,711,Directed,2007,,,0.253763
523,811,Directed,2994,,,0.741868
322,611,Directed,668,,,0.332932
321,611,Directed,643,,,0.556235
521,811,Directed,2909,,,0.315535
316,611,Directed,564,,,0.205797
327,622,Directed,994,,,0.200361
313,611,Directed,402,,,0.201193
312,611,Directed,319,,,0.485993
311,611,Directed,167,,,1.198214
512,812,Directed,2804,,,0.365079
315,621,Directed,532,,,0.236248
314,621,Directed,470,,,0.267296
212,521,Directed,42,,,1.130974
212,522,Directed,61,,,0.246258
312,623,Directed,356,,,0.216333
313,624,Directed,403,,,0.208602
212,524,Directed,62,,,0.54234
213,531,Directed,107,,,0.202984
212,531,Directed,63,,,0.476341
492,811,Directed,2745,,,0.224861
487,811,Directed,2561,,,0.339675
487,812,Directed,2603,,,0.371692
212,541,Directed,65,,,0.26835
481,811,Directed,2361,,,0.260176
221,562,Directed,116,,,0.708793
451,811,Directed,2278,,,0.446471
336,711,Directed,1837,,,0.205225
334,711,Directed,1591,,,0.237854
237,621,Directed,120,,,0.510648
327,711,Directed,995,,,0.224377
335,721,Directed,1610,,,0.312081
424,811,Directed,2130,,,0.200408
423,812,Directed,2058,,,0.228003
424,813,Directed,2174,,,0.218909
212,611,Directed,43,,,1.354784
311,711,Directed,275,,,0.312313
315,721,Directed,546,,,0.242426
316,722,Directed,565,,,0.232183
315,722,Directed,514,,,0.218653
212,621,Directed,67,,,0.538854
313,722,Directed,404,,,1.812662
211,621,Directed,10,,,0.229613
312,722,Directed,357,,,0.226416
211,622,Directed,11,,,0.224081
212,623,Directed,68,,,1.2509
311,722,Directed,280,,,0.217107
336,812,Directed,1812,,,0.205259
315,812,Directed,547,,,0.474552
313,813,Directed,406,,,0.217988
311,812,Directed,239,,,0.333301
212,721,Directed,71,,,0.284821
212,813,Directed,72,,,0.272587
115,812,Directed,7,,,0.332158
115,813,Directed,4,,,0.22978
